Fold,Accuracy,Precision,Recall,F1-Score,ROC-AUC,Training Time (s),Variant,Dataset
1,0.8712480252764613,0.8984,0.8494704992435703,0.8732503888024883,0.9581428714319651,869.3689551353455,OP (base),Reddit
2,0.8743579612801264,0.8707533234859675,0.8918305597579426,0.8811659192825112,0.952201654509985,872.9488933086395,OP (base),Reddit
3,0.8735677597787436,0.8895800933125972,0.8653555219364599,0.8773006134969326,0.9554685671883466,870.0853366851807,OP (base),Reddit
4,0.8854207822994864,0.8805309734513275,0.903177004538578,0.8917102315160568,0.9561683741079574,872.5752098560333,OP (base),Reddit
5,0.884235480047412,0.8645390070921986,0.9227857683573051,0.8927132918344929,0.9539701953816605,871.5981929302216,OP (base),Reddit
1,0.8748025276461295,0.9029671210906175,0.8517397881996974,0.8766056831451927,0.9566715845013191,905.0029413700104,OP (full bert output),Reddit
2,0.8814697747925722,0.8660458452722063,0.9145234493192134,0.8896247240618101,0.9529552686670444,900.1877946853638,OP (full bert output),Reddit
3,0.8929276965626235,0.8745545260156807,0.9281391830559758,0.9005504587155964,0.9540076381250555,897.7833337783813,OP (full bert output),Reddit
4,0.8917423943105491,0.8922155688622755,0.9016641452344932,0.8969149736644093,0.957623046515731,901.1397116184235,OP (full bert output),Reddit
5,0.8735677597787436,0.8682855040470935,0.8932626797880394,0.8805970149253731,0.9461633748537609,899.5081384181976,OP (full bert output),Reddit
1,0.8906003159557662,0.8666666666666667,0.9341906202723147,0.8991627229705133,0.9448503394556207,143.9605884552002,OP (full bert output) Pre,Reddit
2,0.8759383642828922,0.8490304709141274,0.9273827534039334,0.8864786695589298,0.9352073267938771,141.783376455307,OP (full bert output) Pre,Reddit
3,0.8727775582773607,0.8676470588235294,0.8925869894099848,0.8799403430275914,0.9325435557073837,142.18407917022705,OP (full bert output) Pre,Reddit
4,0.8810746740418807,0.8675305975521959,0.9114977307110439,0.8889708594614534,0.9352192144393598,141.64943981170654,OP (full bert output) Pre,Reddit
5,0.8877913868036349,0.8593208593208593,0.9386828160484482,0.8972503617945007,0.9377500140764886,141.76125311851501,OP (full bert output) Pre,Reddit
1,0.868682849184242,0.843441466854725,0.9171779141104295,0.878765613519471,0.942881101351317,863.9957251548767,NPDN (base),Reddit
2,0.884600079586152,0.8584571832979476,0.930928626247122,0.8932253313696613,0.956240525678187,861.0794780254364,NPDN (base),Reddit
3,0.8897731794667728,0.8934049079754601,0.8940905602455871,0.8937476026083621,0.9535097010712723,861.3682663440704,NPDN (base),Reddit
4,0.8793789808917197,0.8671071953010279,0.906369915579432,0.8863039399624766,0.954181893663982,863.0005259513855,NPDN (base),Reddit
5,0.8837579617834395,0.860813704496788,0.9255564082885649,0.8920118343195266,0.9528558197758306,863.2839794158936,NPDN (base),Reddit
1,0.8670911261440509,0.8454415954415955,0.9102760736196319,0.8766617429837519,0.9429242338899967,894.1854612827301,NPDN (full bert output),Reddit
2,0.8826104257859132,0.8689604685212299,0.9109746738296239,0.8894717122517797,0.9583351832706469,896.1981298923492,NPDN (full bert output),Reddit
3,0.883008356545961,0.9039231385108086,0.866462010744436,0.8847962382445141,0.9546237861768456,895.0102739334106,NPDN (full bert output),Reddit
4,0.8730095541401274,0.8596491228070176,0.9025326170376056,0.8805690752527143,0.9529799209941809,895.8831987380981,NPDN (full bert output),Reddit
5,0.8690286624203821,0.8105867346938775,0.97544128933231,0.8854057819575061,0.9462105327973177,894.2493054866791,NPDN (full bert output),Reddit
1,0.8710704337445284,0.8470254957507082,0.9171779141104295,0.8807069219440353,0.9269797835254,141.54910898208618,NPDN (full bert output) Pre,Reddit
2,0.8857938718662952,0.847469220246238,0.9508825786646201,0.8962025316455696,0.9272711416121727,142.38612961769104,NPDN (full bert output) Pre,Reddit
3,0.8826104257859132,0.8631123919308358,0.9194167306216423,0.8903753251579338,0.9402244026816691,142.60760498046875,NPDN (full bert output) Pre,Reddit
4,0.8837579617834395,0.8527564549895325,0.9378357636224098,0.8932748538011696,0.9380731746488189,142.31739735603333,NPDN (full bert output) Pre,Reddit
5,0.8726114649681529,0.8257123923127899,0.9562547966231773,0.8862019914651493,0.9360291545818742,141.6591761112213,NPDN (full bert output) Pre,Reddit
1,0.8672,0.8655589123867069,0.8815384615384615,0.8734756097560976,0.9426240384615384,822.6104700565338,NP (base),Reddit
2,0.8784,0.8400546821599453,0.9461123941493457,0.8899348298334541,0.954055479812499,822.8946981430054,NP (base),Reddit
3,0.8736,0.8559015206372194,0.9099307159353349,0.8820895522388059,0.9521187437463905,822.8311884403229,NP (base),Reddit
4,0.8636,0.8441091954022989,0.9045419553502695,0.8732813080639168,0.9453691720845921,828.2298655509949,NP (base),Reddit
5,0.8759503801520608,0.864406779661017,0.9030023094688222,0.8832831325301205,0.9525644726712856,829.1581778526306,NP (base),Reddit
1,0.8744,0.8414127423822715,0.9346153846153846,0.8855685131195336,0.9425522435897435,854.4284515380859,NP (full bert output),Reddit
2,0.8656,0.8080614203454894,0.9722863741339491,0.8825995807127882,0.9458617690287604,863.4826846122742,NP (full bert output),Reddit
3,0.8824,0.8434723171565277,0.9499615088529638,0.8935553946415641,0.952571920115326,856.9602899551392,NP (full bert output),Reddit
4,0.8592,0.8690568978955573,0.8583525789068515,0.8636715724244771,0.9454970485847372,862.0011377334595,NP (full bert output),Reddit
5,0.8779511804721889,0.8534850640113798,0.9237875288683602,0.8872458410351202,0.9522674493199896,861.0572640895844,NP (full bert output),Reddit
1,0.8616,0.81217277486911,0.9546153846153846,0.8776520509193777,0.9337637820512821,142.12814903259277,NP (full bert output) Pre,Reddit
2,0.8484,0.784301606922126,0.976905311778291,0.8700719917723688,0.9336593382855832,141.98320841789246,NP (full bert output) Pre,Reddit
3,0.8792,0.8445058742225293,0.9407236335642802,0.8900218499635834,0.9440731004891355,141.12819504737854,NP (full bert output) Pre,Reddit
4,0.8664,0.825793382849426,0.9414934565050038,0.8798561151079136,0.9287916984755454,141.41267681121826,NP (full bert output) Pre,Reddit
5,0.8719487795118047,0.8309668695064233,0.9461123941493457,0.884809215262779,0.9327938157557095,141.37060713768005,NP (full bert output) Pre,Reddit
1,0.8707887435592548,0.8493635077793493,0.9140030441400304,0.8804985337243402,0.9459671439344439,834.633686542511,NPSN (base),Reddit
2,0.8850574712643678,0.8631205673758865,0.926179604261796,0.8935389133627019,0.9533647315353017,837.4573783874512,NPSN (base),Reddit
3,0.8763376932223543,0.8711111111111111,0.8949771689497716,0.8828828828828829,0.9486219538141765,834.5722472667694,NPSN (base),Reddit
4,0.8664288545382481,0.8609467455621301,0.8865194211728865,0.873545966228893,0.9497463382701908,835.1444385051727,NPSN (base),Reddit
5,0.880697582243361,0.8538461538461538,0.9299314546839299,0.8902661319722931,0.9498429563236044,831.7365818023682,NPSN (base),Reddit
1,0.8505747126436781,0.8709422011084719,0.837138508371385,0.8537058595265813,0.9483386901637012,862.7398147583008,NPSN (full bert output),Reddit
2,0.8818866428854538,0.8729809104258444,0.9048706240487062,0.8886397608370703,0.9536083382747103,870.1982796192169,NPSN (full bert output),Reddit
3,0.8751486325802615,0.8948616600790514,0.8614916286149162,0.8778596355176425,0.9479635231955161,867.9086117744446,NPSN (full bert output),Reddit
4,0.8763376932223543,0.8613718411552347,0.9086062452399086,0.8843587842846553,0.9486608800740213,865.0571613311768,NPSN (full bert output),Reddit
5,0.8759413396749901,0.8443526170798898,0.9337395277989338,0.8867992766726944,0.9478209009712161,869.689421415329,NPSN (full bert output),Reddit
1,0.8727705112960761,0.8325519089082385,0.9459665144596652,0.8856430352689705,0.9304049537147195,143.28107953071594,NPSN (full bert output) Pre,Reddit
2,0.8751486325802615,0.8471160528144545,0.9277016742770168,0.885579367962223,0.9335450886489332,142.96200919151306,NPSN (full bert output) Pre,Reddit
3,0.843836702338486,0.8972366148531952,0.7907153729071538,0.8406148867313916,0.9347187443740692,143.3597333431244,NPSN (full bert output) Pre,Reddit
4,0.8648434403487911,0.8266129032258065,0.9367859862909368,0.8782577650838986,0.9303135208625758,143.69229006767273,NPSN (full bert output) Pre,Reddit
5,0.8660325009908839,0.8131021194605009,0.9642041127189642,0.8822299651567944,0.932979801476651,143.68761348724365,NPSN (full bert output) Pre,Reddit
